totalJSHeapSize,jsHeapSizeLimit,usedJSHeapSize
16640072,2181038080,14762912
16745608,2181038080,7491992
16745608,2181038080,7635768
16745608,2181038080,7762424
16745608,2181038080,7875192
16746888,2181038080,7999080
9300912,2181038080,7480328
8329752,2181038080,7493664
8483968,2181038080,7652120
8662784,2181038080,7834808
8840536,2181038080,8013232
8467872,2181038080,7632536
8580032,2181038080,7745368
8703256,2181038080,7869264
8854888,2181038080,8021568
8483976,2181038080,7651328
8845560,2181038080,8018864
9009592,2181038080,8184936
9148960,2181038080,8324976
9272336,2181038080,8449024
9384544,2181038080,8561904
9508400,2181038080,8686432
8647968,2181038080,7828136
8772624,2181038080,7953464
8884952,2181038080,8066464
9048688,2181038080,8230872
9187696,2181038080,8371448
9311472,2181038080,8495896
9423648,2181038080,8608744
9546992,2181038080,8732760
8692008,2181038080,7877552
8815400,2181038080,8000944
8927584,2181038080,8113800
9091296,2181038080,8278184
9230272,2181038080,8417848
9353616,2181038080,8541864
9465792,2181038080,8654712
9589136,2181038080,8778728
9701312,2181038080,8891576
8862544,2181038080,8053464
8974808,2181038080,8166400
9138504,2181038080,8330768
9278616,2181038080,8471552
9401960,2181038080,8595800
9525976,2181038080,8720488
9638152,2181038080,8833336
9761496,2181038080,8957352
9873672,2181038080,9070200
9046872,2181038080,8234464
9214304,2181038080,8403912
9454056,2181038080,8647256
9566232,2181038080,8760104
9689584,2181038080,8884128
9801768,2181038080,8996984
9123856,2181038080,8321512
9258440,2181038080,8456768
9381784,2181038080,8580784
9493960,2181038080,8693632
9617304,2181038080,8818920
9729480,2181038080,8931768
9849200,2181038080,9052160
9954720,2181038080,9158352
10071408,2181038080,9275712
9233424,2181038080,8437128
9351096,2181038080,8555472
9456576,2181038080,8661624
9573224,2181038080,8778944
9678712,2181038080,8885104
9795368,2181038080,9002888
9900856,2181038080,9109048
10017520,2181038080,9226384
10150624,2181038080,9360160
9307808,2181038080,8517560
9413368,2181038080,8623792
9530016,2181038080,8741112
9635816,2181038080,8847584
9754424,2181038080,8966864
9862064,2181038080,9076000
9978712,2181038080,9193320
10124488,2181038080,9339768
10267936,2181038080,9483888
9428504,2181038080,8644304
9545232,2181038080,8761704
9663016,2181038080,8880160
9779664,2181038080,8997480
9907480,2181038080,9125968
10024136,2181038080,9243480
10169920,2181038080,9389936
10313368,2181038080,9534056
10418848,2181038080,9640208
9579304,2181038080,8792448
9684864,2181038080,8898680
9790344,2181038080,9004832
9906992,2181038080,9122152
10023648,2181038080,9239480
10180584,2181038080,9397976
10324032,2181038080,9542096
10440680,2181038080,9659416
10557328,2181038080,9776736
9720992,2181038080,8940184
9837720,2181038080,9057584
9943200,2181038080,9163736
10071016,2181038080,9292224
10233224,2181038080,9456672
10461064,2181038080,9685184
10566544,2181038080,9791336
10694368,2181038080,9919832
9855816,2181038080,9080384
10142336,2181038080,9370456
10299056,2181038080,9527848
10426872,2181038080,9656864
10543520,2181038080,9774184
10660168,2181038080,9891504
10776816,2181038080,10008824
10896344,2181038080,10129024
10058944,2181038080,9282392
10186760,2181038080,9410880
10343352,2181038080,9568144
10475632,2181038080,9701096
10065816,2181038080,9300368
10182544,2181038080,9417768
10288296,2181038080,9524448
10404952,2181038080,9641776
10510440,2181038080,9747936
10627104,2181038080,9865848
10772568,2181038080,10011984
10916016,2181038080,10156104
11023176,2181038080,10263936
11141344,2181038080,10382776
10279632,2181038080,9520488
10396280,2181038080,9637808
10512928,2181038080,9755128
10618984,2181038080,9861280
10765128,2181038080,10007936
10909248,2181038080,10152056
11015400,2181038080,10258208
11121552,2181038080,10364360
11227704,2181038080,10470512
10379184,2181038080,9621480
10485416,2181038080,9727712
10591352,2181038080,9833872
10738664,2181038080,9981856
10870944,2181038080,10114840
10976424,2181038080,10220992
11081904,2181038080,10327144
11198552,2181038080,10444464
11304032,2181038080,10550616
10449304,2181038080,9696528
10554872,2181038080,9802768
10703296,2181038080,9955672
10845976,2181038080,10099024
10950688,2181038080,10204728
10504368,2181038080,9750056
10611560,2181038080,9857920
10729320,2181038080,9976352
10835472,2181038080,10083176
10952112,2181038080,10200488
11101984,2181038080,10351288
11329416,2181038080,10579392
11434128,2181038080,10684776
11550016,2181038080,10801336
10683688,2181038080,9935424
11043576,2181038080,10297328
11220936,2181038080,10476952
11347984,2181038080,10604672
11452696,2181038080,10710056
11557408,2181038080,10815440
11662120,2181038080,10920824
10807112,2181038080,10064224
10911824,2181038080,10169608
11016536,2181038080,10274992
11172360,2181038080,10431488
11303872,2181038080,10563808
11408584,2181038080,10669192
11524464,2181038080,10785744
11629184,2181038080,10891136
10821872,2181038080,10084360
10941400,2181038080,10204560
11047968,2181038080,10311800
11203832,2181038080,10468336
11339792,2181038080,10606368
11455672,2181038080,10722920
11560384,2181038080,10828304
11676264,2181038080,10944856
11780976,2181038080,11050240
11896856,2181038080,11166792
11081528,2181038080,10355504
11237336,2181038080,10511984
11379952,2181038080,10655272
11484600,2181038080,10760808
11600416,2181038080,10877296
11705064,2181038080,10982616
11820880,2181038080,11099104
11925528,2181038080,11204424
11092320,2181038080,10362968
11237048,2181038080,10508368
11379664,2181038080,10651656
11484312,2181038080,10756976
11600096,2181038080,10873448
11704744,2181038080,10978768
11820560,2181038080,11095256
11925208,2181038080,11200576
12041032,2181038080,11317072
11221728,2181038080,10498424
11364424,2181038080,10641792
11469072,2181038080,10747112
11584888,2181038080,10863600
11689536,2181038080,10968920
11805352,2181038080,11086192
11910000,2181038080,11191512
12025816,2181038080,11308000
12175024,2181038080,11457880
11444376,2181038080,10727120
11549304,2181038080,10832720
11665128,2181038080,10949216
11769784,2181038080,11054544
12064472,2181038080,11350560
12220280,2181038080,11507040
12336736,2181038080,11624168
11477528,2181038080,10764976
11594824,2181038080,10882944
11699472,2181038080,10988264
11815288,2181038080,11104752
11920096,2181038080,11210232
12037072,2181038080,11327880
12181504,2181038080,11472984
12331960,2181038080,11624112
12436608,2181038080,11729432
11530616,2181038080,7902120
11639264,2181038080,8024760
11749632,2181038080,8148224
11853608,2181038080,8260216
11963840,2181038080,8383352
12107848,2181038080,8536152
12245064,2181038080,8686272
12351152,2181038080,8800376
12461968,2181038080,8924096
11576264,2181038080,8046240
11686560,2181038080,8169440
11796776,2181038080,8292560
11913024,2181038080,8427056
12064200,2181038080,8578976
12202312,2181038080,8717760
12313624,2181038080,8829744
12424936,2181038080,8941728
12536248,2181038080,9053712
11688984,2181038080,8208288
11793032,2181038080,8320352
11897008,2181038080,8432344
12040848,2181038080,8584200
12177864,2181038080,8734128
12281832,2181038080,8846112
12385800,2181038080,8958096
12489768,2181038080,9070080
12593736,2181038080,9182064
11733664,2181038080,8334888
11837736,2181038080,8446960
11987808,2181038080,8609936
12124824,2181038080,8759856
12235040,2181038080,8883016
12345256,2181038080,9006136
12455472,2181038080,9129256
12559440,2181038080,9241240
11696264,2181038080,8386040
11806560,2181038080,8509240
11955416,2181038080,8666176
12177608,2181038080,8904408
12281576,2181038080,9021760
12385552,2181038080,9133752
12489536,2181038080,9245744
11780344,2181038080,8548112
11938840,2181038080,8719480
12049072,2181038080,8848968
12159288,2181038080,8972056
12263256,2181038080,9084016
11751088,2181038080,8584712
11855136,2181038080,8696744
11965352,2181038080,8819832
12076120,2181038080,8938584
12212592,2181038080,9087928
12317464,2181038080,9200784
12424040,2181038080,9320240
12521672,2181038080,9425888
12619152,2181038080,9531352
12722680,2181038080,9647752
11858416,2181038080,8796360
11968280,2181038080,8923984
12098136,2181038080,9066712
12202600,2181038080,9184048
12299872,2181038080,9289328
12397144,2181038080,9394584
12494416,2181038080,9499840
12591688,2181038080,9605096
12688960,2181038080,9710352
9222000,2181038080,7958312
9353544,2181038080,8107184
9451800,2181038080,8213584
9549112,2181038080,8318912
9646424,2181038080,8424240
9743736,2181038080,8530344
9847296,2181038080,8646808
9950856,2181038080,8763272
10054424,2181038080,8879744
10177168,2181038080,9010504
9294744,2181038080,8140208
9404632,2181038080,8267888
9501944,2181038080,8373216
9605504,2181038080,8489680
9709064,2181038080,8606144
9812624,2181038080,8722656
9922440,2181038080,8850264
10052336,2181038080,8993064
10150592,2181038080,9099336
9304088,2181038080,8265688
9407728,2181038080,8382232
9517536,2181038080,8509832
9621096,2181038080,8626296
9724656,2181038080,8742760
9828216,2181038080,8859288
9968240,2181038080,9012280
10167616,2181038080,9226192
10271176,2181038080,9342656
9454032,2181038080,8537608
9557600,2181038080,8654080
9826136,2181038080,8938312
9965376,2181038080,9090400
10062688,2181038080,9195696
10174072,2181038080,9312128
10289832,2181038080,9428560
9458496,2181038080,8597824
9574336,2181038080,8714336
9690096,2181038080,8830768
9783584,2181038080,8924928
9925640,2181038080,9067920
10031208,2181038080,9174160
10135864,2181038080,9279488
10251656,2181038080,9395952
10367456,2181038080,9512424
10483256,2181038080,9628896
9661400,2181038080,8798072
9777208,2181038080,8914552
9919296,2181038080,9057312
10024856,2181038080,9163544
10140608,2181038080,9280240
10267496,2181038080,9407800
10383248,2181038080,9524224
10499000,2181038080,9640648
10614752,2181038080,9757072
9783544,2181038080,8926264
9925688,2181038080,9069080
10042352,2181038080,9186416
10158072,2181038080,9302808
10273792,2181038080,9419232
10389512,2181038080,9535624
10517008,2181038080,9663792
10632728,2181038080,9780184
10748456,2181038080,9896584
9944040,2181038080,9092808
10060784,2181038080,9210224
10180952,2181038080,9331064
10307808,2181038080,9458592
10423528,2181038080,9575552
10516976,2181038080,9669672
10632696,2181038080,9786064
10737288,2181038080,9891328
10867288,2181038080,10022000
10051360,2181038080,9201504
10163584,2181038080,9318016
10267592,2181038080,9422696
10382736,2181038080,9538512
10486744,2181038080,9643192
10590752,2181038080,9749432
10694760,2181038080,9854112
10835232,2181038080,9995256
11034272,2181038080,10194968
10178640,2181038080,9338448
10305008,2181038080,9465488
10420160,2181038080,9581312
10673832,2181038080,9835680
10814392,2181038080,9976912
10929536,2181038080,10092728
11044680,2181038080,10208544
11159824,2181038080,10324360
10309224,2181038080,9474408
10413312,2181038080,9579168
10528456,2181038080,9694984
10643600,2181038080,9810800
10796176,2181038080,9964080
10912264,2181038080,10080840
11027408,2181038080,10196656
11142552,2181038080,10312472
11257704,2181038080,10428296
10419232,2181038080,9590464
10534464,2181038080,9706368
10649624,2181038080,9822200
10779968,2181038080,9953216
10896056,2181038080,10069976
11011200,2181038080,10186048
10279608,2181038080,8135944
10385408,2181038080,8259552
10501616,2181038080,8399008
10608288,2181038080,8513696
10721448,2181038080,8639760
10866568,2181038080,8793488
11004408,2181038080,8944232
11107800,2181038080,9055640
11217440,2181038080,9178184
10340560,2181038080,8309272
10450280,2181038080,8431896
10553672,2181038080,8543304
10663320,2181038080,8665856
10812848,2181038080,8840416
10943040,2181038080,8978624
11052680,2181038080,9101168
11156072,2181038080,9212576
10309616,2181038080,8377976
10413088,2181038080,8489464
10533152,2181038080,8622344
10643832,2181038080,8733696
10805496,2181038080,8896032
10942968,2181038080,9034208
11064776,2181038080,9156688
11175448,2181038080,9268032
11297256,2181038080,9390512
10452608,2181038080,8537800
10584824,2181038080,8670688
10695496,2181038080,8782032
10862256,2181038080,8949464
11092224,2181038080,9184272
11215512,2181038080,9308232
11326192,2181038080,9419584
11449448,2181038080,9543512
10815352,2181038080,8910032
10986120,2181038080,9081472
11107896,2181038080,9203944
11229672,2181038080,9326392
11351448,2181038080,9448840
11476272,2181038080,9576512
11598048,2181038080,9698960
10768392,2181038080,8869280
10894368,2181038080,8995928
11050344,2181038080,9152576
11199240,2181038080,9303000
11309912,2181038080,9414344
11431720,2181038080,9536824
11553536,2181038080,9659312
11664216,2181038080,9770664
10856080,2181038080,8962344
10977984,2181038080,9084920
11139608,2181038080,9247216
11277040,2181038080,9385320
11395184,2181038080,9504224
11510296,2181038080,9620008
11625376,2181038080,9735760
11729320,2181038080,9840376
11832408,2181038080,9944992
10970488,2181038080,9090968
11113688,2181038080,9247016
11245568,2181038080,9391768
11343040,2181038080,9497224
11446080,2181038080,9613168
11542912,2181038080,9717984
11645832,2181038080,9833776
11742464,2181038080,9938392
11845672,2181038080,10054472
11023376,2181038080,9240128
10919296,2181038080,8183584
11026920,2181038080,8304224
11136640,2181038080,8426976
11239968,2181038080,8538320
11349544,2181038080,8660800
11452872,2181038080,8772168
11562456,2181038080,8894656
11704984,2181038080,9045744
11841320,2181038080,9194984
10956128,2181038080,8324768
11059536,2181038080,8436192
11169112,2181038080,8558672
11272440,2181038080,8670016
11390928,2181038080,8803552
11501600,2181038080,8914928
11668360,2181038080,9082360
11891624,2181038080,9306936
11034720,2181038080,8466808
11145480,2181038080,8578240
11267296,2181038080,8700728
11593592,2181038080,9028504
11773848,2181038080,9209432
11884488,2181038080,9320744
12006264,2181038080,9443192
11145328,2181038080,8582792
11265064,2181038080,8705320
11368392,2181038080,8816632
11477968,2181038080,8939080
11581296,2181038080,9050392
11733408,2181038080,9215416
11868096,2181038080,9358088
11972704,2181038080,9470712
12082280,2181038080,9593192
11221368,2181038080,8745144
11331032,2181038080,8867712
11440616,2181038080,8990200
11550208,2181038080,9112696
11693392,2181038080,9263920
11829768,2181038080,9413200
11939344,2181038080,9540904
12042672,2181038080,9652248
11186600,2181038080,8804168
11290008,2181038080,8915592
11393336,2181038080,9026936
11496680,2181038080,9141872
11639872,2181038080,9293080
11770000,2181038080,9431360
11873328,2181038080,9542704
11976656,2181038080,9654048
12086232,2181038080,9776528
11224456,2181038080,8922632
11334112,2181038080,9045192
11437448,2181038080,9156544
11563488,2181038080,9290576
11661064,2181038080,9396168
11763040,2181038080,9506168
11875808,2181038080,9631808
11985344,2181038080,9754216
12088632,2181038080,9865488
12191920,2181038080,9976760
11328416,2181038080,9120480
11479480,2181038080,9284416
9202000,2181038080,8264072
9313088,2181038080,8392040
9422664,2181038080,8514648
9538488,2181038080,8648264
9641816,2181038080,8759608
9749904,2181038080,8871120
9860576,2181038080,8982464
10015928,2181038080,9138648
9262136,2181038080,8377376
9372856,2181038080,8488096
9483536,2181038080,8599448
9594216,2181038080,8710800
9917848,2181038080,9035824
10080104,2181038080,9198752
10207816,2181038080,9332256
9350184,2181038080,8474576
9460904,2181038080,8585968
9571544,2181038080,8697280
9711000,2181038080,8837408
9821640,2181038080,8948720
9943416,2181038080,9072048
10105008,2181038080,9234312
10242448,2181038080,9372424
10364256,2181038080,9494904
9532280,2181038080,8662720
9643040,2181038080,8774152
9764856,2181038080,8896640
9893472,2181038080,9025928
10004160,2181038080,9137472
10154688,2181038080,9288672
10292160,2181038080,9426816
10402832,2181038080,9538160
10513504,2181038080,9649504
9682744,2181038080,8818560
9804552,2181038080,8941040
9915224,2181038080,9052384
10037032,2181038080,9174864
10209840,2181038080,9348368
10347312,2181038080,9486512
10472168,2181038080,9614216
10605112,2181038080,9747832
9770088,2181038080,8913456
9891976,2181038080,9036016
10013784,2181038080,9158496
9476088,2181038080,8323296
9634368,2181038080,8504096
9764640,2181038080,8642480
9870616,2181038080,8761336
9973536,2181038080,8878200
10082704,2181038080,9005160
10185624,2181038080,9120984
10288544,2181038080,9236808
10391472,2181038080,9352640
9540648,2181038080,8513680
9644592,2181038080,8630528
9747512,2181038080,8746352
9850448,2181038080,8863536
9953384,2181038080,8991648
10056304,2181038080,9107480
10159224,2181038080,9223304
10255896,2181038080,9327992
10394360,2181038080,9479360
9688520,2181038080,8778176
9802272,2181038080,8892600
9926968,2181038080,9017968
10040688,2181038080,9132360
10390832,2181038080,9483240
10556168,2181038080,9649248
9718016,2181038080,8811704
9831576,2181038080,8925936
9953352,2181038080,9048384
10064432,2181038080,9160136
10186208,2181038080,9282592
10296848,2181038080,9393904
10418624,2181038080,9516352
10569080,2181038080,9667480
10717656,2181038080,9816728
9871048,2181038080,8961408
9992856,2181038080,9083888
10103536,2181038080,9195240
10225352,2181038080,9317728
10336032,2181038080,9429096
10457856,2181038080,9551592
10622568,2181038080,9719152
10760040,2181038080,9857296
9908112,2181038080,9006024
10041136,2181038080,9139720
10151808,2181038080,9251064
10262480,2181038080,9362408
10384288,2181038080,9484888
10506096,2181038080,9607528
10656592,2181038080,9758696
10805160,2181038080,9907936
10915792,2181038080,10019240
10061408,2181038080,9165368
10183256,2181038080,9287888
10293888,2181038080,9399192
10400896,2181038080,9506872
10504880,2181038080,9611528
10648632,2181038080,9755968
10779376,2181038080,9887384
10883320,2181038080,9992000
10998400,2181038080,10107752
10138160,2181038080,9248168
10253320,2181038080,9364000
10357264,2181038080,9468616
10461216,2181038080,9573240
10604952,2181038080,9717648
10735696,2181038080,9849424
10850776,2181038080,9965176
10965856,2181038080,10080928
11080936,2181038080,10196680
11207152,2181038080,10323568
10370528,2181038080,9478680
10489024,2181038080,9600024
10640472,2181038080,9752144
10850872,2181038080,9963224
10981480,2181038080,10094504
11085336,2181038080,10199032
10399296,2181038080,9513656
10776448,2181038080,9894648
10945584,2181038080,10064904
11062328,2181038080,10182320
11169336,2181038080,10290000
11285720,2181038080,10407056
11389568,2181038080,10511576
10277464,2181038080,8471808
10381744,2181038080,8592840
10484568,2181038080,8709680
10621080,2181038080,8854720
10750704,2181038080,8997216
10853528,2181038080,9112952
10956352,2181038080,9228680
11059184,2181038080,9344416
11168264,2181038080,9471288
11271096,2181038080,9587024
10391640,2181038080,8719752
10528008,2181038080,8864136
10657632,2181038080,9006664
10760456,2181038080,9124592
10863280,2181038080,9240408
10966104,2181038080,9356136
11068928,2181038080,9471864
11178000,2181038080,9598728
11280824,2181038080,9714456
10471048,2181038080,8906976
10600672,2181038080,9049504
10697248,2181038080,9154096
10793824,2181038080,9258688
10890400,2181038080,9364312
10986976,2181038080,9468904
11083552,2181038080,9573496
11186384,2181038080,9689232
11321848,2181038080,9832712
10489352,2181038080,9006456
10585928,2181038080,9111048
10682504,2181038080,9215640
10779080,2181038080,9320232
10881904,2181038080,9436096
10978480,2181038080,9540688
11075064,2181038080,9645288
11211232,2181038080,9789472
11334528,2181038080,9920784
10474632,2181038080,9078544
10577536,2181038080,9194352
10680360,2181038080,9310080
10783184,2181038080,9425808
10886008,2181038080,9541536
10982584,2181038080,9646128
11121872,2181038080,9798384
11320840,2181038080,10011568
10470408,2181038080,9178928
10573320,2181038080,9294744
10676152,2181038080,9410480
10917440,2181038080,9664856
11039560,2181038080,9795560
11142344,2181038080,9911216
11245128,2181038080,10026872
11341664,2181038080,10131392
10489600,2181038080,9291576
10598712,2181038080,9418448
10701496,2181038080,9534104
10804280,2181038080,9649760
10927112,2181038080,9780576
11030840,2181038080,9897224
11133624,2181038080,10012880
11236408,2181038080,10128536
11345448,2181038080,10255336
11448248,2181038080,10371000
10629536,2181038080,9565112
10732416,2181038080,9680864
10861536,2181038080,9822856
10965264,2181038080,9939456
11068048,2181038080,10055136
11170832,2181038080,10170792
11273616,2181038080,10286448
11376400,2181038080,10402104
11479184,2181038080,10517760
10643160,2181038080,9688704
10773432,2181038080,9819648
10900496,2181038080,9947384
11015480,2181038080,10063040
11130464,2181038080,10178984
11245448,2181038080,10294640
11360432,2181038080,10410296
11475416,2181038080,10525952
11590408,2181038080,10641616
10792192,2181038080,9835080
10897064,2181038080,9940624
11012048,2181038080,10056280
11127032,2181038080,10171936
11230880,2181038080,10276456
10818608,2181038080,9864856
10925256,2181038080,9972176
11042168,2181038080,10089760
11186208,2181038080,10234472
11327992,2181038080,10376928
11433480,2181038080,10483120
11537328,2181038080,10587640
11652312,2181038080,10703296
11767296,2181038080,10818952
11882280,2181038080,10934608
11015552,2181038080,10068296
11164408,2181038080,10217824
11390968,2181038080,10445056
11505952,2181038080,10560744
11620944,2181038080,10676408
11747072,2181038080,10803208
11083384,2181038080,10140160
11249824,2181038080,10307272
11364808,2181038080,10422928
11479792,2181038080,10538584
11605912,2181038080,10665384
11720896,2181038080,10781040
11824744,2181038080,10885560
11950864,2181038080,11012352
12065848,2181038080,11128008
11271040,2181038080,10325160
11401768,2181038080,10456560
11516752,2181038080,10572216
11642872,2181038080,10699008
11757864,2181038080,10814704
11872856,2181038080,10930368
10704368,2181038080,8629032
10809608,2181038080,8751568
10957960,2181038080,8918144
11081296,2181038080,9049496
11184120,2181038080,9165544
11280696,2181038080,9270136
11377272,2181038080,9374728
11480096,2181038080,9490456
11576672,2181038080,9595048
11673248,2181038080,9699640
10823376,2181038080,8865808
10946752,2181038080,8997200
11043328,2181038080,9101792
11139904,2181038080,9206384
11257256,2181038080,9333184
11361176,2181038080,9437776
11469312,2181038080,9549144
11573128,2181038080,9653632
11702368,2181038080,9783544
10805864,2181038080,8926824
10909752,2181038080,9031384
11013560,2181038080,9135864
11128504,2181038080,9251480
11232312,2181038080,9355960
11358392,2181038080,9484080
11473344,2181038080,9599704
11614624,2181038080,9741656
11730512,2181038080,9858216
10857296,2181038080,9013112
10972320,2181038080,9128808
11087264,2181038080,9244424
11202208,2181038080,9360040
11317152,2181038080,9475656
11420960,2181038080,9580712
11572368,2181038080,9732792
11784128,2181038080,9945864
11887936,2181038080,10050344
11012576,2181038080,9216576
11109128,2181038080,9321144
11369896,2181038080,9596096
11502184,2181038080,9736368
11604896,2181038080,9851952
11707608,2181038080,9967536
11810320,2181038080,10083120
11919280,2181038080,10209840
11025880,2181038080,9366896
11128592,2181038080,9482480
11231304,2181038080,9598064
11386808,2181038080,9766440
11490424,2181038080,9882960
11593096,2181038080,9998536
11695768,2181038080,10114112
11798448,2181038080,10229696
11901128,2181038080,10345280
11043656,2181038080,9533728
11146424,2181038080,9649368
11275432,2181038080,9791248
11379048,2181038080,9907736
11481720,2181038080,10023416
11578144,2181038080,10127824
11674568,2181038080,10232232
11770992,2181038080,10336640
11867416,2181038080,10441048
11045272,2181038080,9619280
11168120,2181038080,9750112
11265488,2181038080,9855464
11361912,2181038080,9959872
11458336,2181038080,10064280
11561008,2181038080,10179864
11657432,2181038080,10284272
11753856,2181038080,10388680
11850288,2181038080,10493096
11972144,2181038080,10622936
11123200,2181038080,9785248
11232200,2181038080,9912008
11334872,2181038080,10027552
11437544,2181038080,10143096
11533968,2181038080,10248272
11646968,2181038080,10374144
11755896,2181038080,10500832
11884904,2181038080,10642712
11988520,2181038080,10759200
11145760,2181038080,9928544
11242264,2181038080,10033032
11338688,2181038080,10137440
11441360,2181038080,10252984
11544032,2181038080,10368528
11640456,2181038080,10472944
11778296,2181038080,10621744
11988584,2181038080,10832704
11182216,2181038080,10018296
10589136,2181038080,8725552
10695072,2181038080,8849296
10942824,2181038080,9115536
11065600,2181038080,9247424
11168312,2181038080,9363016
11277272,2181038080,9489736
11379984,2181038080,9605320
11482696,2181038080,9720904
11579160,2181038080,9825352
10694344,2181038080,8954824
10797136,2181038080,9070488
10926144,2181038080,9212528
11023552,2181038080,9317920
11125824,2181038080,9433488
11229632,2181038080,9537968
11344584,2181038080,9653592
11448400,2181038080,9758080
11563352,2181038080,9873704
10683984,2181038080,9037064
10825344,2181038080,9179096
10941232,2181038080,9295656
11056176,2181038080,9411272
11171120,2181038080,9526888
11274928,2181038080,9631368
11389872,2181038080,9746984
11493680,2181038080,9851464
11597488,2181038080,9955944
11737856,2181038080,10096984
10853752,2181038080,9247680
10957560,2181038080,9352160
11061368,2181038080,9456640
11165176,2181038080,9561120
11268984,2181038080,9665600
11372792,2181038080,9770088
11487744,2181038080,9885712
11617704,2181038080,10016344
11722376,2181038080,10121688
11826184,2181038080,10226168
10946184,2181038080,9386384
11054992,2181038080,9496088
11159472,2181038080,9600568
11263952,2181038080,9705048
11368440,2181038080,9809568
11499256,2181038080,9940384
11615816,2181038080,10056944
11720296,2181038080,10161424
11835912,2181038080,10277040
10966016,2181038080,9438760
11073416,2181038080,9554416
11176760,2181038080,9669992
11280104,2181038080,9785568
11419912,2181038080,9937672
11618672,2181038080,10148936
11722016,2181038080,10264512
11825368,2181038080,10380096
11922472,2181038080,10484512
11286360,2181038080,9906976
11444888,2181038080,10087224
11550312,2181038080,10204848
11647688,2181038080,10309536
11751392,2181038080,10425440
11848648,2181038080,10530008
11951992,2181038080,10645552
11052432,2181038080,9796408
11156016,2181038080,9912192
11292864,2181038080,10056352
11423008,2181038080,10198696
11538272,2181038080,10326856
11641616,2181038080,10442400
11738720,2181038080,10546816
11843672,2181038080,10663968
11942736,2181038080,10770344
11050672,2181038080,9921448
11191480,2181038080,10069568
11315376,2181038080,10200776
11418720,2181038080,10316320
11522064,2181038080,10431992
11625408,2181038080,10547536
11735000,2181038080,10674216
11858192,2181038080,10789760
11962600,2181038080,10894168
11183704,2181038080,10106440
11314992,2181038080,10237728
11430536,2181038080,10353272
11546080,2181038080,10468816
11661624,2181038080,10585888
11788304,2181038080,10712568
11903848,2181038080,10828112
12008264,2181038080,10932528
11211120,2181038080,10133856
11353544,2181038080,10276280
11469088,2181038080,10391824
11584632,2181038080,10507368
11689040,2181038080,10611776
11804584,2181038080,10727688
11931264,2181038080,10854368
12035680,2181038080,10958784
12179160,2181038080,11102264
11355280,2181038080,10278016
11459768,2181038080,10382504
11564176,2181038080,10486912
11668584,2181038080,10591320
11784128,2181038080,10706864
11899672,2181038080,10822424
12020056,2181038080,10942808
12160768,2181038080,11083520
12360552,2181038080,11283304
11509144,2181038080,10431880
11613640,2181038080,10536376
11718056,2181038080,10640792
11987592,2181038080,10910344
12138936,2181038080,11061688
12254480,2181038080,11177232
12358888,2181038080,11281640
12498000,2181038080,11420752
11572488,2181038080,8894904
11670712,2181038080,9004992
11767176,2181038080,9109568
11863640,2181038080,9214016
11986424,2181038080,9345328
12083832,2181038080,9451032
12186544,2181038080,9566648
12283008,2181038080,9671128
12379480,2181038080,9775616
12479552,2181038080,9889720
12582800,2181038080,10005200
11696896,2181038080,9133600
11826312,2181038080,9275248
11930520,2181038080,9391664
12033760,2181038080,9507136
12137000,2181038080,9622800
12233992,2181038080,9727136
12330984,2181038080,9831472
12427976,2181038080,9935808
12524968,2181038080,10040144
11689240,2181038080,9214496
11787256,2181038080,9319856
11884248,2181038080,9424192
11981240,2181038080,9528528
12078232,2181038080,9632864
12175224,2181038080,9737208
12278464,2181038080,9852680
12387960,2181038080,9979296
12516632,2181038080,10120200
12614488,2181038080,10225400
11757864,2181038080,9381000
11854936,2181038080,9485416
11958176,2181038080,9600888
12055168,2181038080,9705224
12152160,2181038080,9809560
12255408,2181038080,9925072
12378576,2181038080,10055584
12476512,2181038080,10160864
12573504,2181038080,10265200
12676744,2181038080,10380672
11816088,2181038080,9527256
11919328,2181038080,9642728
12022568,2181038080,9758200
12125808,2181038080,9873672
12259104,2181038080,10014848
12458488,2181038080,10227776
12561728,2181038080,10343248
12658728,2181038080,10447592
11807128,2181038080,9607752
12042504,2181038080,9850656
12177536,2181038080,10002752
12274488,2181038080,10107160
12377688,2181038080,10222560
11801368,2181038080,9663184
11899480,2181038080,9768608
12006040,2181038080,9887368
12104592,2181038080,9993232
12207792,2181038080,10108632
12345320,2181038080,10254232
12477600,2181038080,10398712
12578432,2181038080,10506856
12685312,2181038080,10625936
12782272,2181038080,10730208
11915056,2181038080,9875088
12012016,2181038080,9979360
12108984,2181038080,10083640
12251816,2181038080,10238672
12381816,2181038080,10380872
12485016,2181038080,10496272
12588216,2181038080,10611672
12685168,2181038080,10715936
12788368,2181038080,10831336
11933440,2181038080,9988608
12042968,2181038080,10115224
12185808,2181038080,10270264
12309560,2181038080,10401328
12406512,2181038080,10505816
12509712,2181038080,10621216
12606664,2181038080,10725480
12703616,2181038080,10829744
12800568,2181038080,10934008
11939824,2181038080,10080352
12082752,2181038080,10235480
12212752,2181038080,10377680
12315952,2181038080,10493080
12419152,2181038080,10608496
12522352,2181038080,10723896
12619304,2181038080,10828160
12722504,2181038080,10943560
12819464,2181038080,11047832
12007376,2181038080,10247928
12137456,2181038080,10390208
12240656,2181038080,10505608
12343856,2181038080,10621008
12447056,2181038080,10736416
12550256,2181038080,10851816
12653456,2181038080,10967216
12756656,2181038080,11082616
12903904,2181038080,11242064
12150904,2181038080,10505712
12247936,2181038080,10610056
12344896,2181038080,10714328
12441856,2181038080,10818600
12677120,2181038080,11061520
12799576,2181038080,11191264
12896528,2181038080,11295528
11997008,2181038080,10444864
12106536,2181038080,10571480
12203488,2181038080,10675744
12300440,2181038080,10780008
12397392,2181038080,10884272
12494344,2181038080,10988752
12637136,2181038080,11143744
12767136,2181038080,11285944
12870336,2181038080,11401344
12973536,2181038080,11516744
11986536,2181038080,9027472
12091928,2181038080,9150672
12194648,2181038080,9266424
12303480,2181038080,9393048
12445864,2181038080,9548880
12568984,2181038080,9680360
12671552,2181038080,9795832
12774120,2181038080,9911304
12882936,2181038080,10037912
12979256,2181038080,10142248
12100120,2181038080,9275192
12208936,2181038080,9401800
12351144,2181038080,9556912
12490960,2181038080,9701072
12606432,2181038080,9816792
12721904,2181038080,9932264
12837376,2181038080,10047736
12941712,2181038080,10152072
13046048,2181038080,10256408
12168928,2181038080,9426104
12324128,2181038080,9581304
12466400,2181038080,9723576
12581872,2181038080,9839048
12692336,2181038080,9955336
12795576,2181038080,10070808
12905064,2181038080,10197416
13008304,2181038080,10312888
13111552,2181038080,10428368
12267224,2181038080,9632984
12391016,2181038080,9764120
12500504,2181038080,9890728
12603744,2181038080,10006200
12706760,2181038080,10121896
12809328,2181038080,10237368
12911896,2181038080,10352840
13014464,2181038080,10468312
12171320,2181038080,9679800
12386272,2181038080,9908968
12482592,2181038080,10013304
12585168,2181038080,10134008
12693992,2181038080,10260968
12960064,2181038080,10541048
13098336,2181038080,10692168
12200024,2181038080,9840744
12308920,2181038080,9967400
12411488,2181038080,10082840
12514056,2181038080,10198280
12616624,2181038080,10313720
12712944,2181038080,10418800
12821760,2181038080,10545376
12944176,2181038080,10675776
13053896,2181038080,10803256
12170712,2181038080,9964712
12273320,2181038080,10080224
12375856,2181038080,10195664
12478392,2181038080,10311072
12580928,2181038080,10426480
12683472,2181038080,10542576
12812176,2181038080,10684152
12915648,2181038080,10800496
13018176,2181038080,10915896
13120704,2181038080,11031296
12241576,2181038080,10204168
12344104,2181038080,10319568
12446632,2181038080,10434968
12542912,2181038080,10539232
12677872,2181038080,10691960
12775096,2181038080,10797168
12877624,2181038080,10912568
12980152,2181038080,11027968
13088928,2181038080,11154504
12202672,2181038080,10325392
12305280,2181038080,10440872
12407816,2181038080,10556280
12536536,2181038080,10697872
12633760,2181038080,10803328
12742536,2181038080,10929864
12845064,2181038080,11045264
12947592,2181038080,11160664
13050120,2181038080,11276064
12163824,2181038080,10442656
12266440,2181038080,10558144
12395144,2181038080,10699720
12498616,2181038080,10816064
12601144,2181038080,10931464
12697424,2181038080,11035744
12806200,2181038080,11162280
12902480,2181038080,11266544
13005008,2181038080,11381944
13113784,2181038080,11508480
12267704,2181038080,10714808
12459400,2181038080,10914488
12568176,2181038080,11041024
12670712,2181038080,11156432
12773248,2181038080,11271840
13007272,2181038080,11513872
12198792,2181038080,10714464
12311712,2181038080,10829944
12415304,2181038080,10934208
12530032,2181038080,11049608
12644760,2181038080,11165008
12770624,2181038080,11291576
12885352,2181038080,11406976
13000080,2181038080,11522376
13154400,2181038080,11677368
13284792,2181038080,11808432
12453952,2181038080,10968856
12579816,2181038080,11095392
12694552,2181038080,11210800
12809320,2181038080,11326240
12924056,2181038080,11441808
13038800,2181038080,11557224
13193928,2181038080,11713344
13324320,2181038080,11844408
13439048,2181038080,11959808
12616064,2181038080,11136664
12730792,2181038080,11252064
12845520,2181038080,11367464
12960248,2181038080,11482864
12590184,2181038080,11113472
12736176,2181038080,11260136
12878824,2181038080,11403456
12984136,2181038080,11509440
13101824,2181038080,11627800
13207776,2181038080,11734496
13323864,2181038080,11851256
13429496,2181038080,11957560
13533096,2181038080,12061832
12721192,2181038080,11241824
12333160,2181038080,9185496
12445192,2181038080,9320224
12547904,2181038080,9435968
12650472,2181038080,9551440
12746792,2181038080,9655776
12895432,2181038080,9822280
12998008,2181038080,9937760
13139872,2181038080,10093072
13262952,2181038080,10224168
12428872,2181038080,9407808
12531520,2181038080,9523360
12634088,2181038080,9638832
12730408,2181038080,9744848
12843672,2181038080,9871496
12958472,2181038080,9986968
13129280,2181038080,10158448
13357056,2181038080,10387536
12554848,2181038080,9585880
12680872,2181038080,9712576
12795680,2181038080,9828056
13088816,2181038080,10122616
13236576,2181038080,10278336
13345392,2181038080,10404912
13447960,2181038080,10520352
12592760,2181038080,9677968
12695408,2181038080,9793488
12797976,2181038080,9908928
12900544,2181038080,10024368
13003112,2181038080,10139808
13145272,2181038080,10295096
13268392,2181038080,10426200
13377208,2181038080,10552808
13479776,2181038080,10668280
12623104,2181038080,9819368
12732008,2181038080,9946064
12834584,2181038080,10061544
12937168,2181038080,10177032
13073120,2181038080,10321000
13202488,2181038080,10463328
13305056,2181038080,10584024
13413872,2181038080,10710632
13516440,2181038080,10826104
12663696,2181038080,9981320
12772592,2181038080,10108008
12868912,2181038080,10212344
13003912,2181038080,10365136
13107424,2181038080,10481552
13209992,2181038080,10597080
13312560,2181038080,10712552
13408880,2181038080,10816888
13511448,2181038080,10932360
13614016,2181038080,11047832
12742464,2181038080,10233304
12881528,2181038080,10380360
13010856,2181038080,10522592
13119632,2181038080,10649128
13215912,2181038080,10753408
13324688,2181038080,10879944
13420968,2181038080,10984208
13529744,2181038080,11110744
13632280,2181038080,11226152
12788136,2181038080,10438648
12911216,2181038080,10569712
13013744,2181038080,10685112
13122520,2181038080,10811648
13225048,2181038080,10927064
13327576,2181038080,11042464
13430104,2181038080,11157864
13548256,2181038080,11288888
12722456,2181038080,10516032
12936640,2181038080,10743088
13032920,2181038080,10847352
13135456,2181038080,10962784
13237992,2181038080,11078192
13556336,2181038080,11415368
12817264,2181038080,10679480
12926120,2181038080,10806096
13028648,2181038080,10921496
13131176,2181038080,11036896
13233704,2181038080,11152344
13336232,2181038080,11267744
13438760,2181038080,11383144
13541288,2181038080,11498544
13683368,2181038080,11653496
12845528,2181038080,10822848
11170648,2181038080,9296424
11276336,2181038080,9420016
11385304,2181038080,9546904
11487880,2181038080,9662384
11584208,2181038080,9766728
11686792,2181038080,9882360
11835384,2181038080,10049288
11958464,2181038080,10180384
12067280,2181038080,10306992
12163600,2181038080,10411328
11283000,2181038080,9543488
11385648,2181038080,9659040
11488216,2181038080,9774512
11605744,2181038080,9907584
11758752,2181038080,10073568
11890168,2181038080,10213000
12001232,2181038080,10336968
12104208,2181038080,10447960
11263968,2181038080,9620552
11373272,2181038080,9742760
11482496,2181038080,9864888
11597976,2181038080,9998160
11746872,2181038080,10160000
11876608,2181038080,10297752
11992080,2181038080,10431016
12101304,2181038080,10553144
12210528,2181038080,10675272
11360056,2181038080,9832776
11475608,2181038080,9966120
11584840,2181038080,10088256
11733720,2181038080,10250040
11863456,2181038080,10389024
11978928,2181038080,10522288
12088152,2181038080,10644416
12197376,2181038080,10766544
11356168,2181038080,9937008
11465472,2181038080,10059216
11574696,2181038080,10181344
11728608,2181038080,10348224
11950096,2181038080,10589160
12059320,2181038080,10711288
12168552,2181038080,10833424
12277784,2181038080,10955560
11658480,2181038080,10349312